,non-ideal,ideal
0,1.0,2.2705095975146946e-51
1,0.006864041702063202,0.9931359582979365
2,0.9486309963441534,0.0513690036558469
3,0.9999999922463623,7.753637797504948e-09
4,0.058341653644542836,0.9416583463554571
